用户ID,姓名,彩龄,文章数量,专家简介,彩种等级,大奖战绩
1958734,大奖分析师,16年,4681篇,通过大数据分析进行彩票预测，现在是数据时代，将传统的彩票数据进行大数据分析，拆开分析每个开奖号码，通过自己的方法得出下期的号码，通过彩票分析软件，本人的购彩经验，经常中奖。,"['福彩3D特级专家', '双色球高级专家', '快乐8高级专家', '大乐透高级专家', '排列3高级专家']",双色球一等奖3次二等奖20次三等奖22次大乐透一等奖9次二等奖4次三等奖12次
2379124,梨花细雨,9年,2228篇,本人八年购买彩票开始多次中过快乐8任5、任6、任7头奖，快乐8各玩法组合策略，胆拖策略，长期、定期追号回报率的策略。对快乐8玩法有独到的见解。希望大家多多支持。跟着我打准没错。任2任3玩法就打多倍，任5以上就得看大复式，出号规则经常变化，一段时间要记得来看看我跟进一下最新出号变化，大家一起感受购彩的乐趣吧。,"['双色球高级专家', '快乐8高级专家', '福彩3D高级专家', '大乐透高级专家', '排列3高级专家']",双色球一等奖2次二等奖6次三等奖11次大乐透一等奖1次二等奖5次三等奖3次
2930378,钱绵绵,11年,463篇,本人热心于公益活动，从兰州黄河彩票开始，常年坚持购彩。现痴迷于3d、双色球、大乐透等。期间虽没中过大奖，但小奖不断。通过多年的努力，对云图及出号规律有一定的认识，尤其对3D的胆码研究取得了重大成果，且实战准确率极高希望在彩民之家这个平台与彩民朋友交流，分享。,"['快乐8高级专家', '福彩3D高级专家', '大乐透高级专家', '排列3高级专家', '双色球中级专家']",大乐透一等奖0次二等奖1次三等奖0次
3098515,王大仙,20年,44篇,本人自步入社会起，因朋友买彩票我跟着一起去，然后与彩票结缘，接触彩票至今，感慨颇多！对数字也是颇为敏感，喜欢研究数字，对开奖号码大小形态、和值、奇偶性、走势都有自己理解，希望借此平台，分享给更多的彩友，大家共同进步。乾坤为定，你我皆是牛马！擅长双色球、大乐透、3D，等彩种，经验丰富，经过多年的摸索与研究，有自己的分析方法，尤其是对双色球情有独钟，独有心得，命中率高！,"['福彩3D中级专家', '排列3中级专家', '双色球初级专家']",N/A
2886139,江晚无极,20年,365篇,我拥有超过20年的购买彩票经验。在这漫长的岁月里，我见证了彩票行业的诸多变迁，也积累了自己的一些购彩心得和策略。 从最初的手写研究到如今便捷的电脑手机，技术的革新让玩彩变得更加高效和快捷。我始终保持着对彩票的热情，期待着那份突如其来的惊喜。 在购彩过程中，我逐渐学会了理性对待。我明白，彩票是一种概率游戏，中奖并非易事。因此，我从未将购彩当作一种赚钱的手段，而是将其视为一种生活的乐趣和调剂。 同时，从2008年至今开设福彩投注站，多次为彩民和自己中得奖金,"['快乐8高级专家', '福彩3D高级专家', '双色球中级专家']",双色球一等奖0次二等奖0次三等奖1次
3122717,江湖散人,5年,6篇,兜揣2块钱，心怀500万是原则，俗话说：不想当将军的厨子，不是好裁缝。研究方法独树一帜： 精通“星座运势选号法”、“昨日晚餐灵感法”及“闭眼瞎蒙法”，并创新性地提出“越看好的号越不会出”的“反向玄学”理论，理论体系看似荒诞却深谙随机性真谛。本人堪称“分母界”的资深代表，“白日梦”领域的理论先驱，实乃担任“彩票专家”。,['双色球初级专家'],N/A
2901280,小强,15年,133篇,"我是[小强]，专注数字彩种规律研究15年，累计分析超万组开奖数据，独创[多维动态分析/分区矩阵]模型。拒绝""玄学预测""，坚持用数据说话，擅长捕捉冷热号趋势与形态规律，有着丰富的经验和选号技巧，每期更新精选号码组合，致力于为彩民朋友提供长期价值。","['双色球高级专家', '大乐透高级专家']",双色球一等奖1次二等奖0次三等奖4次大乐透一等奖1次二等奖2次三等奖0次
2037784,海中心,13年,2863篇,研究彩票十载有余，对福彩3D、双色球和排列三深有研究，特别擅长双色球红球20码围猎，胆码定位；对蓝球也有一定的研究，四码围蓝比较擅长，深得彩民朋友的支持与厚爱！将我的心得与大家一起分享！希望我的推荐对大家有所帮助！,"['双色球天王级专家', '快乐8特级专家', '福彩3D高级专家']",双色球一等奖5次二等奖14次三等奖20次大乐透一等奖3次二等奖2次三等奖8次
3103268,长河,20年,6篇,2000年的时候就开始接触彩票，协助亲友经营一家彩票投注站，几乎每天与彩票为伴，闲暇时间研究各种乐透型彩票的开奖号码，组织附近彩票爱好者共同合股投注，对我提出的投注号码大家都比较认同，乐透型彩票22选5中过一等奖，后来自己从事与数字有关的工作，对数字较为敏感，喜欢研究乐透型彩票，自己对往期开奖数据进行收集整理，深入分析，略有心得~,['双色球初级专家'],N/A
2437623,下金蛋的鹅,8年,1949篇,喜欢彩票，并从事彩票行业，中了有惊喜，不中献爱心。上学时极其喜欢数学，善于分析和研究数字规律，喜欢的事才会坚持去做吧。上班后在朋友的带领下开始买彩票，中过多次，加入这个大家庭，希望和大家共同交流，相互探讨，一起中大奖，提前退休，早日实现财富自由！,"['福彩3D特级专家', '排列3特级专家', '双色球高级专家', '快乐8高级专家', '大乐透高级专家']",双色球一等奖2次二等奖2次三等奖8次大乐透一等奖1次二等奖5次三等奖4次
2835466,广师傅,15年,564篇,在数字彩的世界里，每个人都怀着一夜暴富的梦想，然而，显示往往不尽人意，大多数人最终只能面对投注里的失望，尽管如此，还是有一些彩民通过总结经验，找到了一些提高中奖率的方法，但是请注意彩票终究是一个靠运气的游戏，没有任何方法能保证稳赚不赔，以下分享一些投注技巧，皆在帮助你理性购彩，提高中奖概率。作为一位拥有15年分析经验的体彩排列三分析师，我已经深入研究了最近300期的开奖数据，,"['双色球高级专家', '快乐8高级专家', '大乐透高级专家', '排列3高级专家', '福彩3D中级专家']",双色球一等奖1次二等奖3次三等奖3次大乐透一等奖1次二等奖0次三等奖0次
2232902,化骨绵掌,9年,1930篇,经过十多年摸索，有一套自己的分析方法，实战时也多有中奖，喜欢研究胆码和杀码，跨值，和尾都看，在实战中的战绩都还是不错的，希望可以帮助到大家！彩票经营理念：互相学习，共同进步。奉献爱心，幸福相伴！,"['双色球特级专家', '快乐8高级专家', '福彩3D高级专家']",双色球一等奖4次二等奖6次三等奖18次
1797236,好运永相随,1年,2369篇,本人从事彩票行业10年，每天分析各个彩种的开奖号码。善于利用走势图、大数据统计，积累了大量的实战经验，通过走势图、遗漏数据等分析，结合开奖号码的热码和冷码，组成最有希望的开奖预测号，希望大家可以关注我，共同进步，一起发大财。比较喜欢购买彩票的，通过彩票平台可以帮助更多有需要帮助的人，彩票购买彩票的人也有几率改变自己的人生，实现人生中的梦想！彩票的规律是比较难预测的，经过多年的时间实践经验本人摸索出一些方案和大家分享！,"['福彩3D特级专家', '排列3特级专家', '双色球高级专家', '快乐8高级专家', '大乐透高级专家']",双色球一等奖0次二等奖11次三等奖18次大乐透一等奖0次二等奖4次三等奖2次
2998706,宝利来,13年,338篇,大家好，我是宝利来，一个在彩票研究领域摸爬滚打多年的“老江湖”。彩票对我来说，不仅仅是一种游戏，更是一门充满挑战和乐趣的学问。 我从多年前就开始接触彩票，最初也是抱着试试看的心态，但慢慢地，我发现这里面大有门道。于是，我开始深入研究各种彩票玩法，从双色球、大乐透到排列三、快乐8，每一种我都反复琢磨，试图找到其中的规律和技巧。我常常会花大量时间去分析历史开奖数据，试图从中发现一些隐藏的规律，虽然过程很枯燥，但每当有一点点收获，那种成就感就让我觉得一切都值得。 在我的研究过程中，我逐渐形成了一套自己的选号方法。我不追求一夜暴富，而是希望通过科学的分析，让每一张彩票都更有价值。我深知彩票的中奖概率很,"['排列3高级专家', '快乐8中级专家', '福彩3D中级专家', '大乐透中级专家', '双色球初级专家']",N/A
758781,彩满楼,8年,11798篇,老彩民，理工男，数学基础好，屡有斩获......,"['双色球高级专家', '快乐8高级专家', '福彩3D高级专家', '大乐透高级专家', '排列3高级专家']",双色球一等奖4次二等奖26次三等奖24次大乐透一等奖4次二等奖4次三等奖27次
2940702,卧龙武宗,12年,245篇,从事福彩销售工作多年，经过近八年的实战磨砺，在双色球和3D购买上有很强的指导能力，特别是在双色球杀蓝、杀红、定胆，3D精选和值、跨度，都有自己独特的分析、研究方法。既然是数宇，就会有一定的规律，有规律就可以研究走势，尤其突出的是双色球，尤其定胆、杀码、和值、奇偶和趋势分析，在此借助彩民之家平台分享给大家，分析不易 多多支持！,"['快乐8特级专家', '福彩3D高级专家', '排列3高级专家', '双色球中级专家', '大乐透中级专家']",N/A
3055732,薛定猫的鳄,6年,44篇,专研双色球与大乐透。 彩票投注虽然是绝对的随机事件，但我相信这并不全靠运气，它是有规律可循，至少是有特征可以把握的。例如双色球每期开出连号的概率约为65%，前区开出重号的概率约为72%；选号的时候关注这些大概率特性，可以大幅提高中将的概率。所以请大家相信统计，相信规律。,"['双色球中级专家', '大乐透中级专家']",双色球一等奖0次二等奖1次三等奖0次
2043028,诸葛战神,15年,1654篇,本人有着十多年的彩票经验，擅长利用统计学归纳法，利用往期开奖号码计算预测，根据算数差理论计算跨越时间线的既定结果，长期跟踪双色球第一套球走势图、第二套球走势图、第三套球走势图、第四套球走势图、大乐透第一套球走势图、大乐透第二套球走势图、第三套球走势图、通过统计分析形成独特的理论体系、用于实战购彩、取得不少收获、现将自己的预测经验通过发帖分享给大家！,"['双色球高级专家', '快乐8高级专家', '福彩3D高级专家', '大乐透高级专家', '排列3高级专家']",双色球一等奖3次二等奖2次三等奖12次大乐透一等奖3次二等奖5次三等奖7次
2336694,黄皮虎,20年,2372篇,对数字彩比较擅长，尤其福彩3D和排列三，期待与更多的网友交流,"['双色球特级专家', '快乐8高级专家', '福彩3D高级专家', '大乐透高级专家', '排列3高级专家']",双色球一等奖3次二等奖3次三等奖10次大乐透一等奖2次二等奖5次三等奖10次
2368156,国步龙腾,7年,2503篇,每天都会花两三个小时来研究，不管是对开奖号形态、胆码、号码推荐，都有自己的分析思路，愿与各位彩民朋友一起分享心得，共同分享中奖乐趣！,"['双色球高级专家', '快乐8高级专家', '福彩3D高级专家', '大乐透高级专家', '排列3高级专家']",双色球一等奖4次二等奖4次三等奖13次大乐透一等奖2次二等奖4次三等奖10次
1919444,海绵,8年,3371篇,"本人购买彩票初衷是为社会筹集微薄的公益基金，购彩多年，购出了自己一套独特的经验。每期都要花费一定的时间进行研究，从研究中感觉到出奖号码表面上是随机产生的,但也并非完全无迹可循。本着多年对3D、大乐透、双色球等彩票的研究和经验，现在分享给大家。买彩票是一种娱乐，也可以献一份爱心，同时还有意外的收获，独乐乐不如众乐乐，何乐而不为，祝君好运。","['快乐8特级专家', '双色球高级专家', '福彩3D高级专家', '大乐透高级专家', '排列3高级专家']",双色球一等奖4次二等奖12次三等奖21次大乐透一等奖5次二等奖9次三等奖21次
